epi_week,year,cum_confirmed,cum_deaths,cum_suspected,cfr,states_affected,top_state_shares,source_type,source_url
25,2020,1036,216,5134,20.8,,,ncdc_sitrep_real,https://ncdc.gov.ng/themes/common/files/sitreps/e564228244eae79b541b01b452121d7a.pdf
26,2020,1040,218,5201,21.0,27,,ncdc_sitrep_real,https://ncdc.gov.ng/themes/common/files/sitreps/433bee475c42212be62eb375369dae44.pdf
31,2020,1054,220,5438,20.9,27,,ncdc_sitrep_real,https://ncdc.gov.ng/themes/common/files/sitreps/933bc928fd287705a7734d7b110e1319.pdf
33,2020,1061,222,5527,20.9,,,ncdc_sitrep_real,https://ncdc.gov.ng/themes/common/files/sitreps/23bd16a099cb5c393204b744e5a06224.pdf
34,2020,1072,225,5574,21.0,,,ncdc_sitrep_real,https://ncdc.gov.ng/themes/common/files/sitreps/ee7f9cf53ae0e4f1b696c2f4cf3eb0f9.pdf
36,2020,1078,225,5647,20.9,,,ncdc_sitrep_real,https://ncdc.gov.ng/themes/common/files/sitreps/bd3b8ca5da6281d19da7c93f877370fb.pdf
37,2020,1084,225,5694,20.8,,,ncdc_sitrep_real,https://ncdc.gov.ng/themes/common/files/sitreps/0c0860d1aea6c026f30745da39f02b3a.pdf
38,2020,1088,226,5705,20.8,,,ncdc_sitrep_real,https://ncdc.gov.ng/themes/common/files/sitreps/b19d831d8a94e7d28a836805f9173816.pdf
39,2020,1095,227,5746,20.7,27,,ncdc_sitrep_real,https://ncdc.gov.ng/themes/common/files/sitreps/46ae3c66dda6ddf9248133d1c6aec38d.pdf
42,2020,1116,230,5931,20.6,,,ncdc_sitrep_real,https://ncdc.gov.ng/themes/common/files/sitreps/54ae59992d41e817b2bc8cfc8a906f60.pdf
43,2020,1119,232,5982,20.7,,,ncdc_sitrep_real,https://ncdc.gov.ng/themes/common/files/sitreps/72d8e54d9457c0c9c1ad4898afc4d9b2.pdf
44,2020,1131,233,6061,20.6,27,,ncdc_sitrep_real,https://ncdc.gov.ng/themes/common/files/sitreps/8f6f7620f80b00174b33141eafe06708.pdf
45,2020,1136,234,6161,20.6,27,,ncdc_sitrep_real,https://ncdc.gov.ng/themes/common/files/sitreps/d4dcd9dba6982e0a7585210a08a080b1.pdf
46,2020,1138,235,6252,20.7,27,,ncdc_sitrep_real,https://ncdc.gov.ng/themes/common/files/sitreps/dd9b1eae3ebccc3e8ed1e661714e64bb.pdf
47,2020,1148,237,6333,20.6,27,,ncdc_sitrep_real,https://ncdc.gov.ng/themes/common/files/sitreps/ada51ed1a830ca066835be3c73e044e1.pdf
48,2020,1154,239,6466,20.7,27,,ncdc_sitrep_real,https://ncdc.gov.ng/themes/common/files/sitreps/1bc774068e49f60c3bda00326b5212e8.pdf
49,2020,1158,240,6535,20.7,27,,ncdc_sitrep_real,https://ncdc.gov.ng/themes/common/files/sitreps/9c78f0a1760b2aa746cba5e57e8a96d3.pdf
50,2020,1163,241,6590,20.7,27,,ncdc_sitrep_real,https://ncdc.gov.ng/themes/common/files/sitreps/9e736ef44109c9befec3c74b5bc65acb.pdf
51,2020,1175,242,6668,20.6,27,,ncdc_sitrep_real,https://ncdc.gov.ng/themes/common/files/sitreps/37fdd6ca1b9af4eda025c6d77621f974.pdf
52,2020,1181,244,6732,20.7,27,,ncdc_sitrep_real,https://ncdc.gov.ng/themes/common/files/sitreps/e9cf6841a83cdfdef7d73200813b9126.pdf
53,2020,1189,244,6791,20.5,27,,ncdc_sitrep_real,https://ncdc.gov.ng/themes/common/files/sitreps/ba1e917c531710377786f683ef4aaec4.pdf
4,2021,54,12,507,22.2,8,,ncdc_sitrep_real,https://ncdc.gov.ng/themes/common/files/sitreps/3958e99166731cfd156c2b8bd9929d63.pdf
5,2021,66,12,513,18.2,8,,ncdc_sitrep_real,https://ncdc.gov.ng/themes/common/files/sitreps/70d2d684ecee7f5a1e0da7393c71bc7d.pdf
6,2021,83,19,704,22.9,8,,ncdc_sitrep_real,https://ncdc.gov.ng/themes/common/files/sitreps/371cec74c12cce698b57e8e4ee2d1509.pdf
7,2021,102,22,817,21.6,8,,ncdc_sitrep_real,https://ncdc.gov.ng/themes/common/files/sitreps/e9dabfb69df15c83bfefebe6af9ec979.pdf
8,2021,136,31,959,22.8,11,,ncdc_sitrep_real,https://ncdc.gov.ng/themes/common/files/sitreps/7a08ab0eb126f2bd63b04a8a4b719af7.pdf
9,2021,161,32,1066,19.9,12,,ncdc_sitrep_real,https://ncdc.gov.ng/themes/common/files/sitreps/17722edeee231beca8410e1369a2871c.pdf
10,2021,191,42,1211,22.0,12,,ncdc_sitrep_real,https://ncdc.gov.ng/themes/common/files/sitreps/703d197b77c61a7a4bd614176dabc7be.pdf
11,2021,223,46,1347,20.6,14,,ncdc_sitrep_real,https://ncdc.gov.ng/themes/common/files/sitreps/a6406cb25fb59297502e8df9723f1e2d.pdf
12,2021,230,49,1430,21.3,14,,ncdc_sitrep_real,https://ncdc.gov.ng/themes/common/files/sitreps/ff0ab3eed6171a39c6cc1ac27f4c4e0e.pdf
13,2021,233,49,1508,21.0,14,,ncdc_sitrep_real,https://ncdc.gov.ng/themes/common/files/sitreps/6940c4e9aaa5b50c850d06e6e316cd3b.pdf
14,2021,241,50,1549,20.7,,,ncdc_sitrep_real,https://ncdc.gov.ng/themes/common/files/sitreps/f70238f6814fb0a9ce3bce722b95d531.pdf
15,2021,247,50,1592,20.2,14,,ncdc_sitrep_real,https://ncdc.gov.ng/themes/common/files/sitreps/738f70cd711126a22f6b8bfab74c9291.pdf
16,2021,254,52,1651,20.5,14,,ncdc_sitrep_real,https://ncdc.gov.ng/themes/common/files/sitreps/36bc7b8fc84d0bd479ff9c32fb4330ce.pdf
17,2021,262,55,1724,21.0,14,,ncdc_sitrep_real,https://ncdc.gov.ng/themes/common/files/sitreps/86f05790ddc7496c9219ac010c43a89d.pdf
18,2021,272,56,1785,20.6,,,ncdc_sitrep_real,https://ncdc.gov.ng/themes/common/files/sitreps/b8a2ea2b968baa51a33283283541d84d.pdf
19,2021,273,58,1846,21.2,,,ncdc_sitrep_real,https://ncdc.gov.ng/themes/common/files/sitreps/4dc61da14fcfc706685f0745721cd385.pdf
20,2021,281,58,1929,20.6,,,ncdc_sitrep_real,https://ncdc.gov.ng/themes/common/files/sitreps/869a249757695124454a95d50e65dfde.pdf
22,2021,292,59,2037,20.2,,,ncdc_sitrep_real,https://ncdc.gov.ng/themes/common/files/sitreps/0b82746f04c2ebc74cc122315d937e5e.pdf
25,2021,315,63,2232,20.0,14,,ncdc_sitrep_real,https://ncdc.gov.ng/themes/common/files/sitreps/770af52a25180658cd4a9d38f88cf535.pdf
26,2021,318,63,2298,19.8,,,ncdc_sitrep_real,https://ncdc.gov.ng/themes/common/files/sitreps/5340117f36d4beccd7b40f333c5ad03c.pdf
27,2021,325,67,2367,20.6,,,ncdc_sitrep_real,https://ncdc.gov.ng/themes/common/files/sitreps/a20a6f9546156d1bc24b1105391ab6f0.pdf
28,2021,330,67,2437,20.3,,,ncdc_sitrep_real,https://ncdc.gov.ng/themes/common/files/sitreps/60b8830aedc16253fc0ae930e19006d2.pdf
29,2021,334,68,2508,20.4,,,ncdc_sitrep_real,https://ncdc.gov.ng/themes/common/files/sitreps/5bfb71f4ee32f0f5d4352ee0fd5df93f.pdf
31,2021,350,70,2686,20.0,,,ncdc_sitrep_real,https://ncdc.gov.ng/themes/common/files/sitreps/5a05b9790d25b163434660508ae387d9.pdf
33,2021,356,73,2793,20.5,,,ncdc_sitrep_real,https://ncdc.gov.ng/themes/common/files/sitreps/b2b26b5fba7c670823ef6f8183b8fa89.pdf
35,2021,365,73,2946,20.0,14,,ncdc_sitrep_real,https://ncdc.gov.ng/themes/common/files/sitreps/6ffc8c649cd99faf470d3ea3b0a1ca33.pdf
36,2021,369,76,3006,20.6,14,,ncdc_sitrep_real,https://ncdc.gov.ng/themes/common/files/sitreps/59cfe717859ae0966137b2272ccec170.pdf
38,2021,379,77,3158,20.3,,,ncdc_sitrep_real,https://ncdc.gov.ng/themes/common/files/sitreps/15c7cc4764d8efea1f3fef58b5921072.pdf
39,2021,382,77,3208,20.2,14,,ncdc_sitrep_real,https://ncdc.gov.ng/themes/common/files/sitreps/842332eefa12f791b84fa44bc0f5e875.pdf
40,2021,386,78,3271,20.2,,,ncdc_sitrep_real,https://ncdc.gov.ng/themes/common/files/sitreps/cbd34c7bf9d6fb332ea3f7362323a756.pdf
41,2021,393,79,3338,20.1,,,ncdc_sitrep_real,https://ncdc.gov.ng/themes/common/files/sitreps/13ae2c131dd867209196c070fc4af733.pdf
42,2021,401,79,3419,19.7,15,,ncdc_sitrep_real,https://ncdc.gov.ng/themes/common/files/sitreps/2681e244b622d5ff9173a780f58c27f8.pdf
43,2021,403,79,3496,19.6,,,ncdc_sitrep_real,https://ncdc.gov.ng/themes/common/files/sitreps/469e2d9cec4485f287ae3c191858b8cc.pdf
44,2021,410,79,3568,19.3,,,ncdc_sitrep_real,https://ncdc.gov.ng/themes/common/files/sitreps/1fea6bf7eb076c245ec38fec672d29dc.pdf
45,2021,418,79,3680,18.9,,,ncdc_sitrep_real,https://ncdc.gov.ng/themes/common/files/sitreps/20e9c6641d1eb4956574a780687caf0f.pdf
46,2021,427,80,3787,18.7,,,ncdc_sitrep_real,https://ncdc.gov.ng/themes/common/files/sitreps/d84af391adcdb747f89ba1fe64c86afe.pdf
47,2021,430,80,3878,18.6,,,ncdc_sitrep_real,https://ncdc.gov.ng/themes/common/files/sitreps/4e35452c7f16da3d92ad591c6505b2b1.pdf
48,2021,434,80,3960,18.4,,,ncdc_sitrep_real,https://ncdc.gov.ng/themes/common/files/sitreps/6bf5926f7a053012a5ccf9ce2221107f.pdf
49,2021,444,83,4083,18.7,,,ncdc_sitrep_real,https://ncdc.gov.ng/themes/common/files/sitreps/54f1969b2dcafe3ee2e81f0a6fad1a55.pdf
50,2021,454,92,4273,20.3,,,ncdc_sitrep_real,https://ncdc.gov.ng/themes/common/files/sitreps/54f285bdd8e7a0370151c2ff9332c30a.pdf
51,2021,482,99,4482,20.5,,,ncdc_sitrep_real,https://ncdc.gov.ng/themes/common/files/sitreps/42501f0b7d06dc98ca661f6b7d6b2475.pdf
52,2021,510,102,4654,20.0,,,ncdc_sitrep_real,https://ncdc.gov.ng/themes/common/files/sitreps/65ad32fe92ed2be30726b44e99204790.pdf
1,2022,48,2,222,4.2,10,,ncdc_sitrep_real,https://ncdc.gov.ng/themes/common/files/sitreps/5bb9bd8253ba7a0e5bfeba65745aa4d0.pdf
2,2022,96,11,465,11.5,,,ncdc_sitrep_real,https://ncdc.gov.ng/themes/common/files/sitreps/6ceb272218282b1f512274b6be61b23f.pdf
3,2022,170,32,759,18.8,,,ncdc_sitrep_real,https://ncdc.gov.ng/themes/common/files/sitreps/ca7cbe062e7048afe09abb8f5fb7462e.pdf
6,2022,358,59,1631,16.5,,,ncdc_sitrep_real,https://ncdc.gov.ng/themes/common/files/sitreps/bcea6619abaf593569774f1fa5857a8f.pdf
7,2022,450,86,1995,19.1,21,,ncdc_sitrep_real,https://ncdc.gov.ng/themes/common/files/sitreps/e3b89861533e554cef8f3f74d1b6b456.pdf
8,2022,540,98,2433,18.1,,,ncdc_sitrep_real,https://ncdc.gov.ng/themes/common/files/sitreps/711214a3a9e201ae1f3c367f74092238.pdf
9,2022,597,111,2822,18.6,,,ncdc_sitrep_real,https://ncdc.gov.ng/themes/common/files/sitreps/f986fad8eefe455bafe36a09ba9ff91a.pdf
10,2022,630,112,3079,17.8,,,ncdc_sitrep_real,https://ncdc.gov.ng/themes/common/files/sitreps/6c4c9312fe78b9acceb99139dd9a3101.pdf
11,2022,659,123,3316,18.7,,,ncdc_sitrep_real,https://ncdc.gov.ng/themes/common/files/sitreps/f47cdf05593b9a0bb951f08e03c57aab.pdf
13,2022,691,132,3746,19.1,23,,ncdc_sitrep_real,https://ncdc.gov.ng/themes/common/files/sitreps/5bac5affb8c29a495fa1e8dd39e16862.pdf
15,2022,733,139,4127,19.0,,,ncdc_sitrep_real,https://ncdc.gov.ng/themes/common/files/sitreps/7a51cc05fdc15533b15b335b367101f8.pdf
16,2022,751,140,4272,18.6,,,ncdc_sitrep_real,https://ncdc.gov.ng/themes/common/files/sitreps/e253c7f64c3f7690ea6ba7d77a1d48c9.pdf
43,2022,958,176,7183,18.4,26,,ncdc_sitrep_real,https://ncdc.gov.ng/themes/common/files/sitreps/710334ae407a503a56351d3a73b920c0.pdf
46,2022,989,178,7492,18.0,26,,ncdc_sitrep_real,https://ncdc.gov.ng/themes/common/files/sitreps/71eb538ce668c9b12aa778b11af04c7e.pdf
47,2022,994,178,7590,17.9,26,,ncdc_sitrep_real,https://ncdc.gov.ng/themes/common/files/sitreps/009dce0e9448bfe86551e69fb17bd1af.pdf
48,2022,1015,181,7761,17.8,26,,ncdc_sitrep_real,https://ncdc.gov.ng/themes/common/files/sitreps/5eadae1fe0222655731887f63de69523.pdf
49,2022,1028,183,7907,17.8,27,,ncdc_sitrep_real,https://ncdc.gov.ng/themes/common/files/sitreps/b21ef7f9dc32b4d2ef08c00f480dd522.pdf
50,2022,1038,183,7981,17.6,27,,ncdc_sitrep_real,https://ncdc.gov.ng/themes/common/files/sitreps/1bffa39cdea17880ccfac3684a1428dc.pdf
51,2022,1055,184,8128,17.4,27,,ncdc_sitrep_real,https://ncdc.gov.ng/themes/common/files/sitreps/dc331668ad9d61ad827bc5a91ea2f39c.pdf
52,2022,1067,189,8202,17.7,27,State:33%; Edo:25%,ncdc_sitrep_real,https://ncdc.gov.ng/themes/common/files/sitreps/2fd923c3f16ae99e0ddbfa1ced8a0ae9.pdf
1,2023,30,1,104,3.3,7,State:53%; Ondo:20%,ncdc_sitrep_real,https://ncdc.gov.ng/themes/common/files/sitreps/45eea750bb8f83e3d8a126e797c12842.pdf
2,2023,105,7,369,6.7,10,,ncdc_sitrep_real,https://ncdc.gov.ng/themes/common/files/sitreps/2d79b38a9ecd082b8e867e5e31a40a40.pdf
3,2023,244,37,939,15.1,16,Ondo:37%; Edo:36%,ncdc_sitrep_real,https://ncdc.gov.ng/themes/common/files/sitreps/ab646e11aa66f5a1c794667c89718fdd.pdf
4,2023,361,53,1378,14.7,18,Ondo:36%; Edo:31%; Taraba:7%,ncdc_sitrep_real,https://ncdc.gov.ng/themes/common/files/sitreps/6c3b11e786fe10ede1b42106ff55ea6d.pdf
5,2023,464,69,1831,14.9,20,Ondo:37%; Edo:32%; Taraba:7%,ncdc_sitrep_real,https://ncdc.gov.ng/themes/common/files/sitreps/959315bf2d31dd43de8c76f67126f9b0.pdf
6,2023,531,85,2244,16.0,20,Ondo:36%; Edo:31%; Bauchi:7%,ncdc_sitrep_real,https://ncdc.gov.ng/themes/common/files/sitreps/f512710099bce532d2c5161f414dacc3.pdf
7,2023,577,94,2627,16.3,21,Ondo:35%; Edo:30%; Taraba:9%,ncdc_sitrep_real,https://ncdc.gov.ng/themes/common/files/sitreps/3a3ed0829df82e7efb703382a1a3c0b6.pdf
8,2023,636,104,2978,16.4,22,Ondo:33%; Edo:28%; Taraba:9%,ncdc_sitrep_real,https://ncdc.gov.ng/themes/common/files/sitreps/97600da5e4608a34ec1ec84419e7bac7.pdf
9,2023,676,109,3272,16.1,22,Ondo:33%; Edo:29%; Bauchi:10%,ncdc_sitrep_real,https://ncdc.gov.ng/themes/common/files/sitreps/6423be550b4a48c66cccee2795d6ca5d.pdf
10,2023,746,128,3560,17.2,22,Ondo:33%; Edo:29%; Bauchi:10%,ncdc_sitrep_real,https://ncdc.gov.ng/themes/common/files/sitreps/731251db2b8825d8f872d80ff4ca0903.pdf
11,2023,784,142,3826,18.1,23,Ondo:32%; Edo:29%; Bauchi:10%,ncdc_sitrep_real,https://ncdc.gov.ng/themes/common/files/sitreps/d88888f2677c38f673c88c8756bb3ad1.pdf
12,2023,823,144,4108,17.5,24,Ondo:32%; Edo:29%; Bauchi:11%,ncdc_sitrep_real,https://ncdc.gov.ng/themes/common/files/sitreps/fd008bee0968c04b1946494d46b08bcd.pdf
13,2023,846,148,4338,17.5,25,Ondo:32%; Edo:29%; Bauchi:11%,ncdc_sitrep_real,https://ncdc.gov.ng/themes/common/files/sitreps/9a69104a01f2d1d2cdc28cb15a91fd18.pdf
14,2023,869,151,4555,17.4,26,Ondo:32%; Edo:28%; Bauchi:11%,ncdc_sitrep_real,https://ncdc.gov.ng/themes/common/files/sitreps/82ab3b38dcfb5e88463d82ffb21b3031.pdf
15,2023,877,152,4702,17.3,26,Ondo:32%; Edo:29%; Bauchi:11%,ncdc_sitrep_real,https://ncdc.gov.ng/themes/common/files/sitreps/95f3bc700a6d5ba35c14a9c70e157cd6.pdf
16,2023,897,154,4908,17.2,26,Ondo:32%; Edo:29%,ncdc_sitrep_real,https://ncdc.gov.ng/themes/common/files/sitreps/bfbb797ff3ce8d9fe8faf875957b51b1.pdf
17,2023,918,156,5084,17.0,28,Ondo:32%; Edo:29%,ncdc_sitrep_real,https://ncdc.gov.ng/themes/common/files/sitreps/0312a484c76a7aa1e10d5d0ce2cd603e.pdf
18,2023,929,158,5218,17.0,28,Ondo:32%; Edo:29%; Bauchi:11%,ncdc_sitrep_real,https://ncdc.gov.ng/themes/common/files/sitreps/4d1aa9cc68856d96ac7c9e3cd36ee393.pdf
19,2023,936,160,5396,16.9,28,Ondo:32%; Edo:29%; Bauchi:11%,ncdc_sitrep_real,https://ncdc.gov.ng/themes/common/files/sitreps/b4337bd1ae8eaa47d9f793a57ea1d680.pdf
20,2023,944,162,5593,17.2,28,Ondo:32%; Edo:29%; Bauchi:11%,ncdc_sitrep_real,https://ncdc.gov.ng/themes/common/files/sitreps/a7f59aa19043f7f8320fea655f009f52.pdf
21,2023,951,163,5731,17.1,28,Ondo:32%; Edo:29%; Bauchi:11%,ncdc_sitrep_real,https://ncdc.gov.ng/themes/common/files/sitreps/c0487b15689b6bc1bc3beddaffd34c30.pdf
22,2023,957,164,5822,17.1,28,Ondo:32%; Edo:29%; Bauchi:12%,ncdc_sitrep_real,https://ncdc.gov.ng/themes/common/files/sitreps/9e4140dda75e7d4be341e235b7ea16ec.pdf
23,2023,958,164,5903,17.1,28,Ondo:32%; Edo:29%; Bauchi:11%,ncdc_sitrep_real,https://ncdc.gov.ng/themes/common/files/sitreps/c95a4f75eb09ae34c2bf9a6ed7bf99b4.pdf
24,2023,963,165,6000,17.1,28,Ondo:32%; Edo:29%,ncdc_sitrep_real,https://ncdc.gov.ng/themes/common/files/sitreps/fd6697fe158c9484cde4bed458df2165.pdf
25,2023,974,169,6161,17.4,28,Ondo:33%; Edo:29%; Bauchi:11%,ncdc_sitrep_real,https://ncdc.gov.ng/themes/common/files/sitreps/713c5b4b49e63befb2cb822340590859.pdf
26,2023,984,169,6256,17.2,28,Ondo:33%; Edo:29%; Bauchi:11%,ncdc_sitrep_real,https://ncdc.gov.ng/themes/common/files/sitreps/622834a35a4d633df4ff292747c865fe.pdf
27,2023,990,170,6364,17.2,28,Ondo:33%; Edo:29%; Bauchi:11%,ncdc_sitrep_real,https://ncdc.gov.ng/themes/common/files/sitreps/7e52697a59d1228b232a6bf47fd84834.pdf
28,2023,1000,171,6483,17.1,28,Ondo:33%; Edo:29%; Bauchi:11%,ncdc_sitrep_real,https://ncdc.gov.ng/themes/common/files/sitreps/1dc69238ca48e48a919c44b880cb31b0.pdf
29,2023,1009,171,6597,16.9,28,Ondo:33%; Edo:29%; Bauchi:11%,ncdc_sitrep_real,https://ncdc.gov.ng/themes/common/files/sitreps/ae869c8ec811dc23ad0a28c33686f192.pdf
30,2023,1021,177,6714,17.3,28,Ondo:34%; Edo:29%,ncdc_sitrep_real,https://ncdc.gov.ng/themes/common/files/sitreps/1b40aecdc7a9100797389299b2519a38.pdf
31,2023,1028,177,6778,17.2,28,Ondo:34%; Edo:29%,ncdc_sitrep_real,https://ncdc.gov.ng/themes/common/files/sitreps/7674d2d603a61fbc2edac539ea2fef2c.pdf
32,2023,1033,178,6872,17.2,28,Ondo:34%; Edo:29%; Bauchi:11%,ncdc_sitrep_real,https://ncdc.gov.ng/themes/common/files/sitreps/98c3d940753bdb9d9e1d4e351690c326.pdf
33,2023,1042,180,6954,17.3,28,Ondo:34%; Edo:29%; Bauchi:11%,ncdc_sitrep_real,https://ncdc.gov.ng/themes/common/files/sitreps/34bc687035ef5e8b32d92191165792b7.pdf
34,2023,1053,181,7079,17.2,28,Ondo:34%; Edo:29%; Bauchi:11%,ncdc_sitrep_real,https://ncdc.gov.ng/themes/common/files/sitreps/7e85289cf55818da6810ebee1f339f8f.pdf
35,2023,1059,181,7188,17.1,28,Ondo:35%; Edo:29%; Bauchi:11%,ncdc_sitrep_real,https://ncdc.gov.ng/themes/common/files/sitreps/393479e44be567dfaae3718cceac01ab.pdf
36,2023,1064,181,7273,17.0,28,Ondo:35%; Edo:29%,ncdc_sitrep_real,https://ncdc.gov.ng/themes/common/files/sitreps/eb3be271ad737d5ef29dd8a52225448d.pdf
37,2023,1068,181,7352,16.9,28,Ondo:35%; Edo:29%,ncdc_sitrep_real,https://ncdc.gov.ng/themes/common/files/sitreps/bc53df7cded2c21974a9973e0ce17965.pdf
39,2023,1081,182,7554,16.8,28,Ondo:35%; Edo:29%; Bauchi:11%,ncdc_sitrep_real,https://ncdc.gov.ng/themes/common/files/sitreps/8ec85b4cc38b1060199aa795b034ea64.pdf
40,2023,1086,185,7621,17.0,28,Ondo:35%; Edo:29%; Bauchi:11%,ncdc_sitrep_real,https://ncdc.gov.ng/themes/common/files/sitreps/134f4dd53fafa964e4c24846504c3c76.pdf
41,2023,1095,188,7724,17.2,28,Ondo:35%; Edo:29%; Bauchi:11%,ncdc_sitrep_real,https://ncdc.gov.ng/themes/common/files/sitreps/f9594a55d4f6a4e0de239863a1751576.pdf
42,2023,1104,188,7842,17.0,28,Ondo:35%; Edo:29%; Bauchi:11%,ncdc_sitrep_real,https://ncdc.gov.ng/themes/common/files/sitreps/b3430561c3dc9f7ba19aeaee09c2a5e1.pdf
43,2023,1107,188,7966,17.0,28,Ondo:35%; Edo:29%; Bauchi:11%,ncdc_sitrep_real,https://ncdc.gov.ng/themes/common/files/sitreps/e9cff4621b13e973b4c2cdc77b11a4c0.pdf
44,2023,1115,188,8082,16.9,28,Ondo:35%; Edo:29%; Bauchi:11%,ncdc_sitrep_real,https://ncdc.gov.ng/themes/common/files/sitreps/b482bca0c7a383df195855537012c0ce.pdf
45,2023,1127,192,8177,17.0,28,Ondo:35%; Edo:29%; Bauchi:11%,ncdc_sitrep_real,https://ncdc.gov.ng/themes/common/files/sitreps/2979a92c9b699451c798c80ae3e1be82.pdf
46,2023,1144,194,8302,17.0,28,Ondo:35%; Edo:29%; Bauchi:12%,ncdc_sitrep_real,https://ncdc.gov.ng/themes/common/files/sitreps/601a808218115a180e9d282c839b51b6.pdf
47,2023,1154,197,8423,17.1,28,Ondo:35%; Edo:29%; Bauchi:12%,ncdc_sitrep_real,https://ncdc.gov.ng/themes/common/files/sitreps/01c65f02fefea247e0d096de778993c7.pdf
48,2023,1170,201,8542,17.2,28,Ondo:35%; Edo:29%; Bauchi:13%,ncdc_sitrep_real,https://ncdc.gov.ng/themes/common/files/sitreps/8bcd2913056c037cbc58d2a0e676f54c.pdf
49,2023,1191,206,8707,17.3,28,Ondo:35%; Edo:28%; Bauchi:13%,ncdc_sitrep_real,https://ncdc.gov.ng/themes/common/files/sitreps/a45cf0bce3cf75b82dc8bde652f33f7f.pdf
50,2023,1201,210,8800,17.5,28,Ondo:35%; Edo:28%; Bauchi:13%,ncdc_sitrep_real,https://ncdc.gov.ng/themes/common/files/sitreps/a5df267ceb133c02b91933ba9ce63431.pdf
51,2023,1227,216,8978,17.6,28,Ondo:35%; Edo:28%; Bauchi:14%,ncdc_sitrep_real,https://ncdc.gov.ng/themes/common/files/sitreps/4e7858362325de8945ef3ecf69d2d440.pdf
52,2023,1270,227,9155,17.9,28,Ondo:34%; Edo:27%; Bauchi:15%,ncdc_sitrep_real,https://ncdc.gov.ng/themes/common/files/sitreps/60b4a539bd9b9852ac1a5059ec0f3433.pdf
1,2024,53,6,190,11.3,9,Ondo:25%; Edo:25%; Bauchi:21%,ncdc_sitrep_real,https://ncdc.gov.ng/themes/common/files/sitreps/163cac9f88252f4e06b5b063512262b4.pdf
2,2024,134,22,486,16.4,13,Ondo:31%; Edo:27%,ncdc_sitrep_real,https://ncdc.gov.ng/themes/common/files/sitreps/8b8bf6f65fd442f2d089922019955cbb.pdf
3,2024,211,43,892,20.4,17,Ondo:26%; Edo:25%; Bauchi:23%,ncdc_sitrep_real,https://ncdc.gov.ng/themes/common/files/sitreps/77bb5c41d4b2694841c51554510e5fcf.pdf
4,2024,258,48,1239,18.6,18,Ondo:25%; Edo:24%; Bauchi:24%,ncdc_sitrep_real,https://ncdc.gov.ng/themes/common/files/sitreps/dbe3c973ec2bc07e75941caf7ee12a4d.pdf
5,2024,328,63,1667,19.2,20,Ondo:23%; Edo:22%; Bauchi:21%,ncdc_sitrep_real,https://ncdc.gov.ng/themes/common/files/sitreps/546ce6b93544ae1acdd270482eb5067e.pdf
6,2024,411,72,2122,17.5,21,Ondo:24%; Edo:23%; Bauchi:18%,ncdc_sitrep_real,https://ncdc.gov.ng/themes/common/files/sitreps/8a0ec23ad67a7a2fed558574e3a9ce7e.pdf
7,2024,477,85,2629,17.8,24,Ondo:25%; Edo:23%; Bauchi:16%,ncdc_sitrep_real,https://ncdc.gov.ng/themes/common/files/sitreps/3702b20687cb7bea4834b4a2db1a13ac.pdf
8,2024,573,108,3213,18.8,24,Edo:26%; Ondo:23%; Bauchi:15%,ncdc_sitrep_real,https://ncdc.gov.ng/themes/common/files/sitreps/5b306da6313123f8265283fdfc916d8c.pdf
9,2024,682,128,3914,18.8,27,Edo:24%; Ondo:23%; Bauchi:15%,ncdc_sitrep_real,https://ncdc.gov.ng/themes/common/files/sitreps/771095edb4d02d5965b888ad21b43244.pdf
10,2024,731,138,4401,18.9,27,Ondo:23%; Edo:23%; Bauchi:15%,ncdc_sitrep_real,https://ncdc.gov.ng/themes/common/files/sitreps/865a02f480603684deec0985d34b4af3.pdf
11,2024,766,142,4726,18.5,27,Ondo:23%; Edo:23%; Bauchi:16%,ncdc_sitrep_real,https://ncdc.gov.ng/themes/common/files/sitreps/791c808243b0838371d6917f12c5d565.pdf
12,2024,791,149,5029,18.8,27,Ondo:23%; Edo:23%; Bauchi:16%,ncdc_sitrep_real,https://ncdc.gov.ng/themes/common/files/sitreps/44fa0f278f25180d5206ce53c964f490.pdf
13,2024,806,150,5295,18.6,27,,ncdc_sitrep_real,https://ncdc.gov.ng/themes/common/files/sitreps/1aabc83ea46f825a772894b4a53ab870.pdf
14,2024,817,151,5481,18.5,27,Ondo:24%; Edo:22%; Bauchi:16%,ncdc_sitrep_real,https://ncdc.gov.ng/themes/common/files/sitreps/5eef9af2eb3577d6473b13f6daaa58b8.pdf
15,2024,832,152,5669,18.3,27,Ondo:25%; Edo:23%; Bauchi:17%,ncdc_sitrep_real,https://ncdc.gov.ng/themes/common/files/sitreps/9fbe087b759706fc2edfd67e8999cf52.pdf
17,2024,857,156,5963,18.2,28,Ondo:24%; Edo:22%; Bauchi:17%,ncdc_sitrep_real,https://ncdc.gov.ng/themes/common/files/sitreps/ea1bb56e795d90f28c78d38cfc3b2284.pdf
18,2024,869,157,6106,18.1,28,Ondo:24%; Edo:22%; Bauchi:17%,ncdc_sitrep_real,https://ncdc.gov.ng/themes/common/files/sitreps/0a5b79cb766a64f93a8f2e2738b29656.pdf
19,2024,883,160,6226,18.1,28,Ondo:25%; Edo:22%; Bauchi:17%,ncdc_sitrep_real,https://ncdc.gov.ng/themes/common/files/sitreps/dca58aa670efeac35dd915e6a6bdaf2c.pdf
20,2024,887,162,6345,18.3,28,Ondo:25%; Edo:22%; Bauchi:17%,ncdc_sitrep_real,https://ncdc.gov.ng/themes/common/files/sitreps/288045e09091e2b954f6e8d2c26eabcc.pdf
21,2024,897,162,6464,18.1,28,Ondo:25%; Edo:22%; Bauchi:18%,ncdc_sitrep_real,https://ncdc.gov.ng/themes/common/files/sitreps/660fee31cd7bc5b0fb59481dd4126c50.pdf
22,2024,907,162,6592,17.9,28,,ncdc_sitrep_real,https://ncdc.gov.ng/themes/common/files/sitreps/e1ca38bacd44651afe2a90c4d6b89e2a.pdf
23,2024,911,162,6704,17.8,28,Ondo:25%; Edo:22%; Bauchi:18%,ncdc_sitrep_real,https://ncdc.gov.ng/themes/common/files/sitreps/9ee88a22bf981dead26e6795ea3f8fd0.pdf
24,2024,918,162,6828,17.6,28,Ondo:26%; Edo:22%; Bauchi:18%,ncdc_sitrep_real,https://ncdc.gov.ng/themes/common/files/sitreps/1eb24fee275466e4675d0c558538c5bb.pdf
25,2024,920,162,6902,17.6,28,,ncdc_sitrep_real,https://ncdc.gov.ng/themes/common/files/sitreps/b504223c6cfc42faba0f73b8f44cf7f0.pdf
26,2024,928,162,7020,17.5,28,,ncdc_sitrep_real,https://ncdc.gov.ng/themes/common/files/sitreps/b21e2fbaf35c67370488320234f0b5cb.pdf
27,2024,933,163,7122,17.5,28,,ncdc_sitrep_real,https://ncdc.gov.ng/themes/common/files/sitreps/5f0b9d75befc8ec93a94b3940837a4f8.pdf
28,2024,940,163,7248,17.3,28,,ncdc_sitrep_real,https://ncdc.gov.ng/themes/common/files/sitreps/64d6756b417890807be0f8c4bccc1bb0.pdf
29,2024,951,163,7407,17.1,28,,ncdc_sitrep_real,https://ncdc.gov.ng/themes/common/files/sitreps/344e68ee3739d342f4d6bb1e9cceb128.pdf
30,2024,958,163,7518,17.0,28,,ncdc_sitrep_real,https://ncdc.gov.ng/themes/common/files/sitreps/8204f6b1384af03de41a79f9e0553bfc.pdf
31,2024,961,166,7603,17.3,28,Ondo:27%; Edo:23%; Bauchi:17%,ncdc_sitrep_real,https://ncdc.gov.ng/themes/common/files/sitreps/a6999d49053a25bc7882a06fa81cfe1e.pdf
32,2024,971,166,7767,17.1,28,Ondo:27%; Edo:23%; Bauchi:17%,ncdc_sitrep_real,https://ncdc.gov.ng/themes/common/files/sitreps/cf560b7e397cb8f9bf9174ca31d092b7.pdf
33,2024,979,168,7892,17.2,28,Ondo:27%; Edo:23%; Bauchi:17%,ncdc_sitrep_real,https://ncdc.gov.ng/themes/common/files/sitreps/0272ed7be84c61cc890f3dcd67c4bdcc.pdf
34,2024,982,168,7973,17.1,28,Ondo:27%; Edo:23%; Bauchi:17%,ncdc_sitrep_real,https://ncdc.gov.ng/themes/common/files/sitreps/2de8007a4a8063517fe7216c71530289.pdf
35,2024,993,169,8051,17.0,28,Ondo:27%; Edo:23%; Bauchi:17%,ncdc_sitrep_real,https://ncdc.gov.ng/themes/common/files/sitreps/4989db9eca1f8ff7cb97c1f191260be0.pdf
36,2024,1000,169,8138,16.9,28,Ondo:27%; Edo:23%; Bauchi:17%,ncdc_sitrep_real,https://ncdc.gov.ng/themes/common/files/sitreps/63bab26900ca4beb3b9b6827632777de.pdf
37,2024,1005,170,8251,16.9,28,Ondo:27%; Edo:23%; Bauchi:17%,ncdc_sitrep_real,https://ncdc.gov.ng/themes/common/files/sitreps/7ef98dd290a65f04f1b1a3c5914c9b0c.pdf
38,2024,1009,171,8321,16.9,28,Ondo:27%; Edo:23%; Bauchi:17%,ncdc_sitrep_real,https://ncdc.gov.ng/themes/common/files/sitreps/16fa44e88eb1be9b49c7d6ad5166c722.pdf
39,2024,1018,172,8411,16.9,28,Ondo:28%; Edo:23%; Bauchi:17%,ncdc_sitrep_real,https://ncdc.gov.ng/themes/common/files/sitreps/f05dc05cd9a8bfcf8115db65b60a98ae.pdf
40,2024,1025,174,8484,17.0,28,Ondo:28%; Edo:23%; Bauchi:17%,ncdc_sitrep_real,https://ncdc.gov.ng/themes/common/files/sitreps/80c9c7639fc9e969a1c470518308a7dd.pdf
41,2024,1035,174,8569,16.8,28,Ondo:28%; Edo:23%; Bauchi:17%,ncdc_sitrep_real,https://ncdc.gov.ng/themes/common/files/sitreps/781e41484270a1cc24a7e5655af395df.pdf
42,2024,1047,174,8681,16.6,28,Ondo:28%; Edo:23%; Bauchi:16%,ncdc_sitrep_real,https://ncdc.gov.ng/themes/common/files/sitreps/05156a13ec688981cc19e4d11108e8aa.pdf
43,2024,1055,175,8780,16.6,28,Ondo:29%; Edo:23%; Bauchi:16%,ncdc_sitrep_real,https://ncdc.gov.ng/themes/common/files/sitreps/0c7a93380102de75e327513ea6a405e6.pdf
44,2024,1059,175,8850,16.5,28,Ondo:29%; Edo:23%; Bauchi:16%,ncdc_sitrep_real,https://ncdc.gov.ng/themes/common/files/sitreps/911e458b3f01506aea70a408f43161a5.pdf
45,2024,1069,175,8959,16.4,28,Ondo:29%; Edo:23%; Bauchi:16%,ncdc_sitrep_real,https://ncdc.gov.ng/themes/common/files/sitreps/0aa015568b0325ccac29573ecf89b8fd.pdf
46,2024,1077,175,9082,16.2,28,Ondo:29%; Edo:23%; Bauchi:16%,ncdc_sitrep_real,https://ncdc.gov.ng/themes/common/files/sitreps/1f6833689c121d72ba41839554164d6a.pdf
47,2024,1089,179,9195,16.4,28,Ondo:29%; Edo:23%; Bauchi:16%,ncdc_sitrep_real,https://ncdc.gov.ng/themes/common/files/sitreps/710c10d1248bdad4de05d44db991d1d5.pdf
48,2024,1115,184,9335,16.5,28,Ondo:29%; Edo:23%; Bauchi:17%,ncdc_sitrep_real,https://ncdc.gov.ng/themes/common/files/sitreps/faef7bf3bf32d686a2eb4c462c99ac97.pdf
49,2024,1154,190,9492,16.5,28,Ondo:30%; Edo:23%; Bauchi:18%,ncdc_sitrep_real,https://ncdc.gov.ng/themes/common/files/sitreps/ebc66f0db1f2ac955fa991a6fcdf61ca.pdf
50,2024,1187,191,9685,16.1,28,Ondo:30%; Edo:22%; Bauchi:18%,ncdc_sitrep_real,https://ncdc.gov.ng/themes/common/files/sitreps/8de8aa6497873b55a1011465a2b92902.pdf
51,2024,1237,203,9872,16.4,28,Ondo:30%; Edo:22%; Bauchi:19%,ncdc_sitrep_real,https://ncdc.gov.ng/themes/common/files/sitreps/d0296af1f291289fb1fa7d686d1faa32.pdf
52,2024,1309,214,10098,16.3,28,Ondo:31%; Edo:22%; Bauchi:19%,ncdc_sitrep_real,https://ncdc.gov.ng/themes/common/files/sitreps/a45a720bd6ddd1e75a5a3e7e6195e412.pdf
1,2025,54,10,196,18.5,6,Ondo:35%; Edo:28%; Bauchi:15%,ncdc_sitrep_real,https://ncdc.gov.ng/themes/common/files/sitreps/1bded1685f8dc4961a169a274be138c2.pdf
2,2025,143,22,484,15.4,7,Ondo:38%; Edo:22%; Bauchi:17%,ncdc_sitrep_real,https://ncdc.gov.ng/themes/common/files/sitreps/4fb9445cb9e30a27518dfca3224b0c1f.pdf
3,2025,214,39,843,18.2,10,Ondo:38%; Edo:22%; Bauchi:17%,ncdc_sitrep_real,https://ncdc.gov.ng/themes/common/files/sitreps/f5f00c41816f216f0118481848a57699.pdf
4,2025,290,53,1171,18.3,10,Ondo:37%; Edo:21%; Bauchi:17%,ncdc_sitrep_real,https://ncdc.gov.ng/themes/common/files/sitreps/8f9df00ca43527c4507c6b1db208cd3b.pdf
5,2025,358,70,1552,19.6,10,Ondo:37%; Edo:20%; Bauchi:18%,ncdc_sitrep_real,https://ncdc.gov.ng/themes/common/files/sitreps/2461908c2038dda5866c159c5146ab03.pdf
6,2025,413,80,1913,19.4,11,Ondo:34%; Edo:21%; Bauchi:18%,ncdc_sitrep_real,https://ncdc.gov.ng/themes/common/files/sitreps/d84698b45d03dafb399e97fa8379c4d5.pdf
7,2025,451,89,2178,19.7,12,Ondo:34%; Edo:21%; Bauchi:18%,ncdc_sitrep_real,https://ncdc.gov.ng/themes/common/files/sitreps/fef1494f70b0a5330dc39f362b6c5dd6.pdf
8,2025,506,95,2492,18.8,12,Ondo:32%; Bauchi:24%; Edo:17%,ncdc_sitrep_real,https://ncdc.gov.ng/themes/common/files/sitreps/7be5c90f4529e8facefb0df1702374a3.pdf
9,2025,535,100,2728,18.7,13,Ondo:31%; Bauchi:24%; Edo:17%,ncdc_sitrep_real,https://ncdc.gov.ng/themes/common/files/sitreps/f8d434bb9371973f7fa3f097d381c83e.pdf
10,2025,563,103,2960,18.3,14,Ondo:31%; Bauchi:25%; Edo:17%,ncdc_sitrep_real,https://ncdc.gov.ng/themes/common/files/sitreps/d6108967136678d07af6d2495112cc93.pdf
11,2025,604,113,3223,18.7,16,Ondo:30%; Bauchi:24%; Edo:17%,ncdc_sitrep_real,https://ncdc.gov.ng/themes/common/files/sitreps/fa454efab576bc6a9e540003907b9025.pdf
12,2025,645,119,3465,18.4,18,Ondo:29%; Bauchi:25%; Edo:16%,ncdc_sitrep_real,https://ncdc.gov.ng/themes/common/files/sitreps/f584060364d537ad3f332aa185b5513d.pdf
13,2025,659,122,3779,18.5,18,Ondo:30%; Bauchi:25%; Edo:16%,ncdc_sitrep_real,https://ncdc.gov.ng/themes/common/files/sitreps/fac2ebeb767cd3f68a0dcf5ef03d83a5.pdf
14,2025,674,127,4025,18.8,18,Ondo:30%; Bauchi:25%; Edo:16%,ncdc_sitrep_real,https://ncdc.gov.ng/themes/common/files/sitreps/989549e00cb6d5f5f452188dd2a3f172.pdf
15,2025,686,129,4253,18.8,18,Ondo:30%; Bauchi:25%; Edo:16%,ncdc_sitrep_real,https://ncdc.gov.ng/themes/common/files/sitreps/a128370a130043e5cb28adadf3695333.pdf
16,2025,696,132,4512,19.0,18,Ondo:30%; Bauchi:25%; Taraba:16%,ncdc_sitrep_real,https://ncdc.gov.ng/themes/common/files/sitreps/9cff3b3bd159dec6021abf7991ca3907.pdf
17,2025,707,135,4672,19.1,18,Ondo:30%; Bauchi:25%; Taraba:16%,ncdc_sitrep_real,https://ncdc.gov.ng/themes/common/files/sitreps/1f9e7904281a1212851763a4fb0a07d4.pdf
18,2025,717,138,4881,19.3,18,Ondo:30%; Bauchi:25%; Taraba:16%,ncdc_sitrep_real,https://ncdc.gov.ng/themes/common/files/sitreps/b96af4fbec2627dc1eca4b400343860e.pdf
19,2025,720,140,4963,19.4,18,Ondo:30%; Bauchi:25%; Taraba:16%,ncdc_sitrep_real,https://ncdc.gov.ng/themes/common/files/sitreps/75d6383a349cd68e560d9d6586ba2d18.pdf
20,2025,733,141,5118,19.2,18,Ondo:30%; Bauchi:25%; Edo:17%,ncdc_sitrep_real,https://ncdc.gov.ng/themes/common/files/sitreps/b2fba7b3b04f94dcf90281fed621b99a.pdf
21,2025,739,141,5242,19.1,18,Ondo:30%; Bauchi:25%; Edo:16%; Taraba:16%; Ebonyi:3%,ncdc_sitrep_real,https://ncdc.gov.ng/themes/common/files/sitreps/c398356c72062146d7573f4ec16c219e.pdf
22,2025,747,142,5394,19.0,18,Ondo:31%; Bauchi:25%; Edo:16%; Taraba:16%; Ebonyi:3%,ncdc_sitrep_real,https://ncdc.gov.ng/themes/common/files/sitreps/573e9c67be359f1c204e1fa1095ca796.pdf
23,2025,758,143,5540,18.9,18,Ondo:31%; Bauchi:25%; Edo:16%; Taraba:15%; Ebonyi:3%,ncdc_sitrep_real,https://ncdc.gov.ng/themes/common/files/sitreps/7b65e9135fa79ffb3700a69aed6102bd.pdf
24,2025,766,145,5678,18.9,18,Ondo:31%; Bauchi:24%; Edo:17%; Taraba:16%; Ebonyi:3%,ncdc_sitrep_real,https://ncdc.gov.ng/themes/common/files/sitreps/17f59c56d38345b9f7de4c38b5838e4d.pdf
25,2025,781,145,5943,18.6,20,Ondo:31%; Bauchi:24%; Edo:17%; Taraba:16%; Ebonyi:3%,ncdc_sitrep_real,https://ncdc.gov.ng/themes/common/files/sitreps/adc1cf16209e291bef9951dbd8e29148.pdf
26,2025,790,148,6109,18.7,20,Ondo:31%; Bauchi:24%; Edo:17%; Taraba:15%; Ebonyi:3%,ncdc_sitrep_real,https://ncdc.gov.ng/themes/common/files/sitreps/0af4baa92621f81bb9b88375fa0366fa.pdf
27,2025,800,151,6256,18.9,21,Ondo:32%; Bauchi:23%; Edo:17%; Taraba:15%; Ebonyi:3%,ncdc_sitrep_real,https://ncdc.gov.ng/themes/common/files/sitreps/f71674b95faa623bb9842d7f8603775a.pdf
28,2025,811,152,6520,18.7,21,Ondo:32%; Bauchi:23%; Edo:17%; Taraba:14%; Ebonyi:3%,ncdc_sitrep_real,https://ncdc.gov.ng/themes/common/files/sitreps/953e057e6d9e1773395f58004c1fdc65.pdf
29,2025,822,155,6640,18.9,21,Ondo:32%; Bauchi:23%; Edo:17%; Taraba:14%; Ebonyi:3%,ncdc_sitrep_real,https://ncdc.gov.ng/themes/common/files/sitreps/6b00dee2daebb22ba349bc3cc6664840.pdf
30,2025,825,155,6731,18.8,21,Ondo:32%; Bauchi:23%; Edo:17%; Taraba:14%; Ebonyi:3%,ncdc_sitrep_real,https://ncdc.gov.ng/themes/common/files/sitreps/3560e6789d452acc5b8ecc6fb772829e.pdf
31,2025,836,156,6851,18.7,21,Ondo:33%; Bauchi:23%; Edo:17%; Taraba:14%; Ebonyi:3%,ncdc_sitrep_real,https://ncdc.gov.ng/themes/common/files/sitreps/2315e23e53aee258f9e0bea4c071bf14.pdf
32,2025,849,159,6939,18.7,21,Ondo:33%; Bauchi:23%; Edo:17%; Taraba:14%; Ebonyi:3%,ncdc_sitrep_real,https://ncdc.gov.ng/themes/common/files/sitreps/bd740aca13b8e8b3d1f843595d194592.pdf
33,2025,854,159,7033,18.6,21,Ondo:33%; Bauchi:23%; Edo:17%; Taraba:14%; Ebonyi:3%,ncdc_sitrep_real,https://ncdc.gov.ng/themes/common/files/sitreps/aa4bc98fb7a8256a02bfad73167c5575.pdf
34,2025,857,160,7160,18.7,21,Ondo:33%; Bauchi:23%; Edo:17%; Taraba:14%; Ebonyi:3%,ncdc_sitrep_real,https://ncdc.gov.ng/themes/common/files/sitreps/01fa4b52589086bf75895be3d6946b56.pdf
35,2025,871,162,7375,18.6,21,Ondo:33%; Bauchi:23%; Edo:18%; Taraba:14%; Ebonyi:3%,ncdc_sitrep_real,https://ncdc.gov.ng/themes/common/files/sitreps/c2d64b8e1e79e9c567f64e162bc4c7e8.pdf
36,2025,884,164,7523,18.6,21,Ondo:33%; Bauchi:23%; Edo:18%; Taraba:13%; Ebonyi:3%,ncdc_sitrep_real,https://ncdc.gov.ng/themes/common/files/sitreps/1c71b9e603060417404f0ecc9aabd746.pdf
37,2025,895,166,7673,18.5,21,Ondo:33%; Bauchi:23%; Edo:18%; Taraba:13%; Ebonyi:3%,ncdc_sitrep_real,https://ncdc.gov.ng/themes/common/files/sitreps/8ce0c6f500bad860e93baa694da23a62.pdf
38,2025,906,168,7792,18.5,21,Ondo:33%; Bauchi:23%; Edo:18%; Taraba:13%; Ebonyi:3%,ncdc_sitrep_real,https://ncdc.gov.ng/themes/common/files/sitreps/bc2702d096dea7bcb5f8cb520aefba7c.pdf
39,2025,910,168,7909,18.5,21,Ondo:34%; Bauchi:22%; Edo:17%; Taraba:13%; Ebonyi:3%,ncdc_sitrep_real,https://ncdc.gov.ng/themes/common/files/sitreps/29888ec0c2dd10ca4cf0bef3814d0a81.pdf
40,2025,924,172,8041,18.6,21,Ondo:35%; Bauchi:22%; Edo:17%; Taraba:13%; Ebonyi:3%,ncdc_sitrep_real,https://ncdc.gov.ng/themes/common/files/sitreps/ded728ef465f33739ad7928d327a2929.pdf
41,2025,935,174,8141,18.6,21,Ondo:36%; Bauchi:21%; Edo:17%; Taraba:13%,ncdc_sitrep_real,https://ncdc.gov.ng/themes/common/files/sitreps/68f0ee9000f3084b74ed892be0d3f79f.pdf
42,2025,944,175,8270,18.5,21,Ondo:36%; Bauchi:21%; Edo:18%; Taraba:13%,ncdc_sitrep_real,https://ncdc.gov.ng/themes/common/files/sitreps/91f559d691c7cd411f7058f1496eef6f.pdf
43,2025,955,176,8367,18.4,21,Ondo:37%; Bauchi:21%; Edo:17%; Taraba:13%,ncdc_sitrep_real,https://ncdc.gov.ng/themes/common/files/sitreps/55b33161bbfe39fd72039808875e5c45.pdf
44,2025,966,177,8463,18.3,21,Ondo:36%; Bauchi:21%; Edo:17%; Taraba:13%,ncdc_sitrep_real,https://ncdc.gov.ng/themes/common/files/sitreps/9910b5860f5b9c377cf14a8992d6905b.pdf
45,2025,976,178,8556,18.2,21,Ondo:37%; Bauchi:20%; Edo:18%; Taraba:12%,ncdc_sitrep_real,https://ncdc.gov.ng/themes/common/files/sitreps/471dd6384cd4f288167c0881efee40ee.pdf
46,2025,995,184,8679,18.5,21,Ondo:37%; Bauchi:21%; Edo:18%; Taraba:12%,ncdc_sitrep_real,https://ncdc.gov.ng/themes/common/files/sitreps/65b81d453825965fc88b202a61101c4f.pdf
47,2025,1012,185,8801,18.3,21,Ondo:37%; Bauchi:21%; Edo:17%; Taraba:12%,ncdc_sitrep_real,https://ncdc.gov.ng/themes/common/files/sitreps/f1eac3b9f6e60c760a040fd279f5977f.pdf
48,2025,1036,187,8897,18.1,21,Ondo:37%; Bauchi:22%; Edo:17%; Taraba:12%,ncdc_sitrep_real,https://ncdc.gov.ng/themes/common/files/sitreps/a4ffde537175d4dde3b786a88854832d.pdf
49,2025,1069,195,9041,18.2,21,Ondo:36%; Bauchi:24%; Edo:17%; Taraba:12%,ncdc_sitrep_real,https://ncdc.gov.ng/themes/common/files/sitreps/1ac1418be41afb9984e7c7163982874b.pdf
50,2025,1097,201,9164,18.3,21,Ondo:36%; Bauchi:24%; Edo:17%; Taraba:12%,ncdc_sitrep_real,https://ncdc.gov.ng/themes/common/files/sitreps/ca8fd67dc5b2d1fe0566e9933c54ebab.pdf
51,2025,1119,206,9270,18.4,21,Ondo:35%; Bauchi:25%; Edo:16%; Taraba:12%,ncdc_sitrep_real,https://ncdc.gov.ng/themes/common/files/sitreps/070ffa8b11f8e6170bb61854b22b06cb.pdf
52,2025,1148,215,9389,18.7,22,Ondo:35%; Bauchi:26%; Edo:16%; Taraba:12%,ncdc_sitrep_real,https://ncdc.gov.ng/themes/common/files/sitreps/04beb529df54f4ceb99ac291842640b4.pdf
1,2026,21,9,104,42.9,3,Bauchi:57%; Ondo:29%; Edo:14%,ncdc_sitrep_real,https://ncdc.gov.ng/themes/common/files/sitreps/09e281a5e335ce56f3efe782318ca0ea.pdf
2,2026,54,11,248,20.4,5,Bauchi:46%; Ondo:30%; Edo:13%,ncdc_sitrep_real,https://ncdc.gov.ng/themes/common/files/sitreps/08187c401459ff0ca43206cda1c28004.pdf
3,2026,93,17,405,18.3,9,Bauchi:46%; Ondo:20%; Taraba:12%; Edo:11%,ncdc_sitrep_real,https://ncdc.gov.ng/themes/common/files/sitreps/6a2487657377bd1d55e70377a214c725.pdf
4,2026,121,25,594,20.7,9,Bauchi:47%; Ondo:19%; Taraba:13%; Edo:8%; Plateau:5%,ncdc_sitrep_real,https://ncdc.gov.ng/themes/common/files/sitreps/209b83e6b6cc29b8353e30e34394d8a5.pdf
5,2026,165,31,754,18.8,9,Bauchi:47%; Ondo:18%; Taraba:14%; Edo:8%; Plateau:5%,ncdc_sitrep_real,https://ncdc.gov.ng/themes/common/files/sitreps/e94a04b902c47c21d467d1e6a0f833d1.pdf
6,2026,240,51,1034,21.3,10,Bauchi:38%; Taraba:22%; Ondo:20%; Edo:9%,ncdc_sitrep_real,https://ncdc.gov.ng/themes/common/files/sitreps/fa363f59cbe7ad9f567b8bb7abb1cd3d.pdf
7,2026,327,80,1543,24.5,17,Bauchi:33%; Ondo:22%; Taraba:19%; Edo:10%,ncdc_sitrep_real,https://ncdc.gov.ng/themes/common/files/sitreps/bf2a8dc3e3ce9605d38a656508b9c84b.pdf
8,2026,404,99,1989,24.5,18,Bauchi:30%; Ondo:21%; Taraba:19%; Edo:8%; Benue:6%,ncdc_sitrep_real,https://ncdc.gov.ng/themes/common/files/sitreps/a7e977c574d3d5ed38de552002cfdacb.pdf
9,2026,469,109,2446,23.2,18,Bauchi:28%; Ondo:22%; Taraba:19%; Benue:9%; Edo:8%,ncdc_sitrep_real,https://ncdc.gov.ng/themes/common/files/sitreps/dd3c0ead24ab75983d665aa1a82da8cd.pdf
10,2026,516,135,2821,26.2,20,Bauchi:28%; Ondo:21%; Taraba:19%; Benue:9%; Edo:8%,ncdc_sitrep_real,https://ncdc.gov.ng/themes/common/files/sitreps/04217c6d966b18e819ad033ea7cf5134.pdf
11,2026,582,146,3222,25.1,21,Bauchi:28%; Ondo:21%; Taraba:20%; Benue:8%; Edo:8%,ncdc_sitrep_real,https://ncdc.gov.ng/themes/common/files/sitreps/83306284bfecdf4a04cdebfbe7d462a8.pdf
12,2026,637,160,3564,25.1,22,Bauchi:28%; Ondo:22%; Taraba:18%; Benue:8%; Edo:8%,ncdc_sitrep_real,https://ncdc.gov.ng/themes/common/files/sitreps/737ec170ccc4b2314df4a3e0d7c88e0d.pdf
13,2026,663,167,3831,25.2,22,Bauchi:28%; Ondo:22%; Taraba:18%; Edo:9%; Benue:8%,ncdc_sitrep_real,https://ncdc.gov.ng/themes/common/files/sitreps/b22d34e529b219ab6cb7367f86d4a1c7.pdf
14,2026,685,170,4002,24.8,22,Bauchi:27%; Ondo:22%; Taraba:18%; Edo:9%; Benue:8%,ncdc_sitrep_real,https://ncdc.gov.ng/themes/common/files/sitreps/17cfcdddda3a2ff22088487a8e4b3c20.pdf
15,2026,716,179,4210,25.0,22,Bauchi:27%; Ondo:22%; Taraba:17%; Edo:9%; Benue:7%,ncdc_sitrep_real,https://ncdc.gov.ng/themes/common/files/sitreps/9eab643f8ac1dfd32a50e4b2b6867f50.pdf
16,2026,745,184,4503,24.7,23,Bauchi:27%; Ondo:23%; Taraba:17%; Edo:9%; Benue:7%,ncdc_sitrep_real,https://ncdc.gov.ng/themes/common/files/sitreps/fd5ab14af5ffdda6983ee26375d41eb7.pdf
17,2026,754,190,4662,25.2,23,Bauchi:27%; Ondo:24%; Taraba:17%; Edo:9%; Benue:7%,ncdc_sitrep_real,https://ncdc.gov.ng/themes/common/files/sitreps/de0ed02693a7541764153afcce8cf496.pdf
18,2026,776,191,4861,24.6,23,Bauchi:26%; Ondo:26%; Taraba:16%; Edo:9%; Benue:7%,ncdc_sitrep_real,https://ncdc.gov.ng/themes/common/files/sitreps/c3f1f4555fb43a0b35ad435b0ebe13aa.pdf
19,2026,793,204,5034,25.7,23,Bauchi:26%; Ondo:26%; Taraba:16%; Edo:9%; Benue:7%,ncdc_sitrep_real,https://ncdc.gov.ng/themes/common/files/sitreps/de18cb8cc4f7592536d94bbd70ae4d1e.pdf
20,2026,817,208,5219,25.5,23,Ondo:27%; Bauchi:26%; Taraba:16%; Edo:9%; Benue:6%,ncdc_sitrep_real,https://ncdc.gov.ng/themes/common/files/sitreps/3bdf3756e46ed5e3a21b3a17b01da80a.pdf
21,2026,829,208,5385,25.1,23,Ondo:27%; Bauchi:25%; Taraba:16%; Edo:9%; Benue:6%,ncdc_sitrep_real,https://ncdc.gov.ng/themes/common/files/sitreps/ae47ae8c19187e1e6f9faecbad78052c.pdf
22,2026,842,210,5510,24.9,23,Ondo:28%; Bauchi:25%; Taraba:15%; Edo:9%; Benue:6%,ncdc_sitrep_real,https://ncdc.gov.ng/themes/common/files/sitreps/cdb2eb8acf8dbf93a9a17b597f8da884.pdf
23,2026,855,214,5652,25.0,23,Ondo:28%; Bauchi:25%; Taraba:15%; Edo:10%; Benue:6%,ncdc_sitrep_real,https://ncdc.gov.ng/themes/common/files/sitreps/f44e35aaf1d93099d1ea88cd67ac4144.pdf
